,Title,Year,Genre,Rating,Duration,US_Gross_Million,Worldwide_Gross_Million,Votes
1,Avatar,2009,Action,7.8,162,760.51,2847.4,"1,236,962"
2,Avengers: Endgame,2019,Action,8.4,181,858.37,2797.5,"1,108,641"
3,Titanic,1997,Drama,7.9,194,659.33,2201.65,"1,162,142"
4,Star Wars: Episode VII - The Force Awakens,2015,Action,7.8,138,936.66,2069.52,"925,551"
5,Avengers: Infinity War,2018,Action,8.4,149,678.82,2048.36,"1,062,517"
6,Spider-Man: No Way Home,2021,Action,8.3,148,804.75,1911.43,"735,006"
7,Jurassic World,2015,Action,6.9,124,652.27,1671.54,"640,590"
8,The Lion King,2019,Animation,6.8,118,543.64,1663.25,"244,170"
9,The Avengers,2012,Action,8,143,623.28,1518.82,"1,381,149"
10,Fast & Furious 7,2015,Action,7.1,137,353.01,1515.34,"389,484"
11,Frozen II,2019,Animation,6.8,103,477.37,1450.03,"171,270"
12,Avengers: Age of Ultron,2015,Action,7.3,141,459.01,1402.81,"856,080"
13,Black Panther,2018,Action,7.3,134,700.06,1347.6,"751,667"
14,Harry Potter and the Deathly Hallows: Part 2,2011,Adventure,8.1,130,381.01,1342.36,"867,676"
15,Star Wars: Episode VIII - The Last Jedi,2017,Action,6.9,152,620.18,1332.7,"627,406"
16,Jurassic World: Fallen Kingdom,2018,Action,6.1,128,417.72,1310.47,"315,318"
17,Frozen,2013,Animation,7.4,102,400.74,1281.51,"621,680"
18,Beauty and the Beast,2017,Adventure,7.1,129,504.01,1273.58,"308,027"
19,Incredibles 2,2018,Animation,7.6,118,608.58,1243.09,"295,100"
20,The Fate of the Furious,2017,Action,6.6,136,226.01,1236.01,"231,745"
21,Iron Man Three,2013,Action,7.1,130,409.01,1214.81,"844,284"
22,Minions,2015,Animation,6.4,91,336.05,1159.44,"238,820"
23,Captain America: Civil War,2016,Action,7.8,147,408.08,1153.34,"779,525"
24,Aquaman,2018,Action,6.8,143,335.06,1148.53,"469,031"
25,The Lord of the Rings: The Return of the King,2003,Action,9,201,377.85,1146.44,"1,826,650"
26,Spider-Man: Far from Home,2019,Action,7.4,129,390.53,1131.93,"485,051"
27,Captain Marvel,2019,Action,6.8,123,426.83,1128.46,"554,645"
28,Transformers: Dark of the Moon,2011,Action,6.2,154,352.39,1123.79,"408,412"
29,Skyfall,2012,Action,7.8,143,304.36,1108.57,"694,633"
30,Transformers: Age of Extinction,2014,Action,5.6,165,245.44,1104.05,"314,154"
31,Jurassic Park,1993,Action,8.2,127,402.45,1099.7,"980,979"
32,The Dark Knight Rises,2012,Action,8.4,164,448.14,1081.15,"1,689,199"
33,Joker,2019,Crime,8.4,122,335.45,1074.45,"1,252,541"
34,Star Wars: Episode IX - The Rise of Skywalker,2019,Action,6.5,141,515.2,1074.15,"446,565"
35,Toy Story 4,2019,Animation,7.7,100,434.04,1073.39,"248,612"
36,Toy Story 3,2010,Animation,8.3,103,415,1066.97,"830,727"
37,Pirates of the Caribbean: Dead Man's Chest,2006,Action,7.3,151,423.32,1066.18,"716,144"
38,The Lion King,1994,Animation,8.5,88,422.78,1063.61,"1,048,260"
39,Rogue One,2016,Action,7.8,133,532.18,1057.42,"628,840"
40,Aladdin,2019,Adventure,6.9,128,355.56,1050.69,"264,450"
41,Pirates of the Caribbean: On Stranger Tides,2011,Action,6.6,137,241.06,1045.71,"526,578"
42,Despicable Me 3,2017,Animation,6.2,89,264.62,1034.8,"135,707"
43,Finding Dory,2016,Animation,7.3,97,486.3,1028.57,"275,251"
44,Star Wars: Episode I - The Phantom Menace,1999,Action,6.5,136,474.54,1027.08,"801,077"
45,Alice in Wonderland,2010,Adventure,6.4,108,334.19,1025.47,"414,116"
46,Zootopia,2016,Animation,8,108,341.27,1024.12,"494,843"
47,Harry Potter and the Sorcerer's Stone,2001,Adventure,7.6,152,317.58,1022.29,"770,196"
48,The Hobbit: An Unexpected Journey,2012,Adventure,7.8,169,303,1017.03,"823,402"
49,The Dark Knight,2008,Action,9,152,534.86,1006.1,"2,622,926"
50,Harry Potter and the Deathly Hallows: Part 1,2010,Adventure,7.7,146,295.98,977.07,"544,179"
51,Despicable Me 2,2013,Animation,7.3,98,368.06,970.77,"400,030"
52,The Jungle Book,2016,Adventure,7.4,106,364,966.55,"277,311"
53,Jumanji: Welcome to the Jungle,2017,Action,6.9,119,404.52,962.54,"377,561"
54,The Hobbit: The Battle of the Five Armies,2014,Adventure,7.4,144,255.12,962.2,"529,711"
55,Pirates of the Caribbean: At World's End,2007,Action,7.1,169,309.42,961,"649,327"
56,The Hobbit: The Desolation of Smaug,2013,Adventure,7.8,161,258.37,959.03,"659,955"
57,The Lord of the Rings: The Two Towers,2002,Action,8.8,179,342.55,947.9,"1,649,383"
58,Harry Potter and the Order of the Phoenix,2007,Action,7.5,138,292,942.2,"576,897"
59,Finding Nemo,2003,Animation,8.2,100,380.84,940.35,"1,036,553"
60,Harry Potter and the Half-Blood Prince,2009,Action,7.6,153,301.96,934.48,"540,537"
61,Shrek 2,2004,Animation,7.3,93,436.47,928.76,"461,112"
62,Bohemian Rhapsody,2018,Biography,7.9,134,216.43,910.81,"534,276"
63,Chang jin hu,2021,Action,5.4,176,0.34,902.55,"3,046"
64,The Lord of the Rings: The Fellowship of the Ring,2001,Action,8.8,178,315.54,898.09,"1,853,771"
65,Harry Potter and the Goblet of Fire,2005,Adventure,7.7,157,290.01,896.73,"621,111"
66,Spider-Man 3,2007,Action,6.3,139,336.53,894.98,"587,489"
67,Ice Age: Dawn of the Dinosaurs,2009,Animation,6.9,94,196.57,886.69,"245,386"
68,Spectre,2015,Action,6.8,148,200.07,880.68,"439,299"
69,Spider-Man: Homecoming,2017,Action,7.4,133,334.2,880.17,"649,821"
70,Harry Potter and the Chamber of Secrets,2002,Adventure,7.4,161,261.99,879.93,"629,277"
71,Ice Age: Continental Drift,2012,Animation,6.5,88,161.32,877.24,"209,391"
72,The Secret Life of Pets,2016,Animation,6.5,87,368.38,875.46,"202,342"
73,Batman v Superman: Dawn of Justice,2016,Action,6.4,152,330.36,873.64,"695,862"
74,Zhan lang II,2017,Action,5.9,123,2.72,870.33,"8,132"
75,Star Wars: Episode III - Revenge of the Sith,2005,Action,7.6,140,380.26,868.39,"786,549"
76,The Hunger Games: Catching Fire,2013,Action,7.5,146,424.67,865.01,"662,070"
77,Guardians of the Galaxy Vol. 2,2017,Action,7.6,136,389.81,863.76,"673,752"
78,Inside Out,2015,Animation,8.2,95,356.46,858.85,"706,883"
79,Venom,2018,Action,6.6,112,213.52,856.09,"480,550"
80,Thor: Ragnarok,2017,Action,7.9,130,315.06,853.98,"742,843"
81,Inception,2010,Action,8.8,148,292.58,836.85,"2,324,716"
82,Transformers: Revenge of the Fallen,2009,Action,5.9,149,402.11,836.3,"406,957"
83,The Twilight Saga: Breaking Dawn - Part 2,2012,Adventure,5.5,115,292.3,829.75,"249,122"
84,Spider-Man,2002,Action,7.4,121,403.71,825.03,"811,999"
85,Wonder Woman,2017,Action,7.4,141,412.56,822.85,"653,072"
86,Independence Day,1996,Action,7,145,306.17,817.4,"574,288"
87,Fantastic Beasts and Where to Find Them,2016,Adventure,7.2,132,234.04,814.04,"473,418"
88,Shrek the Third,2007,Animation,6.1,93,320.71,813.37,"306,508"
89,Coco,2017,Animation,8.4,105,209.73,807.82,"498,683"
90,Jumanji: The Next Level,2019,Action,6.7,123,316.83,800.06,"248,177"
91,Harry Potter and the Prisoner of Azkaban,2004,Adventure,7.9,142,249.36,797.57,"628,520"
92,Pirates of the Caribbean: Dead Men Tell No Tales,2017,Action,6.5,129,172.56,794.88,"310,294"
93,E.T. the Extra-Terrestrial,1982,Adventure,7.9,115,435.11,792.91,"407,536"
94,Mission: Impossible - Fallout,2018,Action,7.7,147,220.16,791.66,"331,232"
95,2012,2009,Action,5.8,158,166.11,791.22,"377,606"
96,Indiana Jones and the Kingdom of the Crystal Skull,2008,Action,6.2,122,317.1,790.65,"453,532"
97,Spider-Man 2,2004,Action,7.4,127,373.59,788.98,"648,995"
98,Furious 6,2013,Action,7,130,238.68,788.68,"394,307"
99,Deadpool 2,2018,Action,7.7,119,324.59,785.9,"575,147"
100,Deadpool,2016,Action,8,108,363.07,782.84,"1,026,159"
101,Star Wars,1977,Action,8.6,121,322.74,775.4,"1,353,518"
102,No Time to Die,2021,Action,7.3,163,160.87,774.15,"392,253"
103,Guardians of the Galaxy,2014,Action,8,121,333.18,773.35,"1,167,695"
104,The Da Vinci Code,2006,Mystery,6.6,149,217.54,760.01,"432,328"
105,Fast & Furious Presents: Hobbs & Shaw,2019,Action,6.5,137,173.96,759.06,"211,651"
106,Maleficent,2014,Adventure,6.9,97,241.41,758.41,"374,967"
107,The Amazing Spider-Man,2012,Action,6.9,136,262.03,757.93,"653,109"
108,The Hunger Games: Mockingjay - Part 1,2014,Action,6.6,123,337.14,755.36,"453,870"
109,Shrek Forever After,2010,Animation,6.3,93,238.37,752.6,"204,809"
110,Madagascar 3: Europe's Most Wanted,2012,Animation,6.8,95,216.39,746.92,"181,744"
111,Suicide Squad,2016,Action,5.9,123,325.1,746.85,"682,385"
112,X-Men: Days of Future Past,2014,Action,7.9,132,233.92,746.05,"710,007"
113,"The Chronicles of Narnia: The Lion, the Witch and the Wardrobe",2005,Adventure,6.9,143,291.71,745.01,"397,304"
114,Monsters University,2013,Animation,7.2,104,268.49,743.56,"358,803"
115,The Matrix Reloaded,2003,Action,7.2,138,281.49,741.85,"592,924"
116,Up,2009,Animation,8.3,96,293,735.1,"1,035,685"
117,Ne Zha zhi mo tong jiang shi,2019,Animation,7.4,110,3.7,726.26,"7,676"
118,F9,2021,Action,5.2,143,173.2,726.23,"130,723"
119,Gravity,2013,Drama,7.7,91,274.09,723.19,"822,546"
120,Captain America: The Winter Soldier,2014,Action,7.8,136,259.77,714.42,"838,915"
121,The Twilight Saga: Breaking Dawn - Part 1,2011,Adventure,4.9,117,281.29,712.21,"240,895"
122,The Twilight Saga: New Moon,2009,Adventure,4.7,130,296.62,711.03,"284,729"
123,Dawn of the Planet of the Apes,2014,Action,7.6,130,208.55,710.64,"441,019"
124,Transformers,2007,Action,7,144,319.25,709.71,"636,038"
125,The Amazing Spider-Man 2,2014,Action,6.6,142,202.85,708.98,"495,780"
126,It,2017,Horror,7.3,135,327.48,701.84,"540,445"
127,Interstellar,2014,Adventure,8.6,169,188.02,701.73,"1,795,113"
128,Liu lang di qiu,2019,Action,5.9,125,5.88,699.99,"30,681"
129,The Twilight Saga: Eclipse,2010,Action,5,124,300.53,698.49,"246,316"
130,Mission: Impossible - Ghost Protocol,2011,Action,7.4,132,209.4,694.71,"489,750"
131,The Hunger Games,2012,Action,7.2,142,408.01,694.39,"913,111"
132,Mission: Impossible - Rogue Nation,2015,Action,7.4,131,195.04,682.72,"372,665"
133,Forrest Gump,1994,Drama,8.8,142,330.25,678.23,"2,053,012"
134,Doctor Strange,2016,Action,7.5,115,232.64,677.8,"735,360"
135,The Sixth Sense,1999,Drama,8.2,107,293.51,672.81,"985,833"
136,Man of Steel,2013,Action,7.1,143,291.05,668.05,"765,934"
137,Ice Age: The Meltdown,2006,Animation,6.8,91,195.33,667.09,"278,310"
138,Kung Fu Panda 2,2011,Animation,7.2,90,165.25,665.69,"284,471"
139,Justice League,2017,Action,6.1,120,229.02,657.93,"450,520"
140,Big Hero 6,2014,Animation,7.8,102,222.53,657.87,"459,347"
141,Fantastic Beasts: The Crimes of Grindelwald,2018,Adventure,6.5,134,159.56,654.86,"281,427"
142,Pirates of the Caribbean: The Curse of the Black Pearl,2003,Action,8.1,143,305.41,654.26,"1,119,228"
143,Star Wars: Episode II - Attack of the Clones,2002,Action,6.6,142,310.68,653.78,"707,156"
144,The Hunger Games: Mockingjay - Part 2,2015,Action,6.5,137,281.72,653.43,"325,499"
145,Thor: The Dark World,2013,Action,6.8,112,206.36,644.78,"679,421"
146,Moana,2016,Animation,7.6,107,248.76,643.36,"333,042"
147,Sing,2016,Animation,7.1,108,270.4,634.34,"169,094"
148,Kung Fu Panda,2008,Animation,7.6,92,215.43,632.08,"467,487"
149,The Incredibles,2004,Animation,8,115,261.44,631.61,"731,233"
150,The Martian,2015,Adventure,8,144,228.43,630.62,"846,681"
151,Hancock,2008,Action,6.4,92,227.95,629.44,"481,308"
152,Fast Five,2011,Action,7.3,130,209.84,626.14,"380,863"
153,Men in Black 3,2012,Action,6.8,106,179.02,624.03,"362,935"
154,Iron Man 2,2010,Action,6.9,124,312.43,623.93,"811,868"
155,Ratatouille,2007,Animation,8.1,111,206.45,623.73,"728,597"
156,Ant-Man and the Wasp,2018,Action,7,118,216.65,622.67,"397,307"
157,How to Train Your Dragon 2,2014,Animation,7.8,102,177,621.54,"334,825"
158,Logan,2017,Action,8.1,137,226.28,619.18,"754,661"
159,The Lost World: Jurassic Park,1997,Action,6.5,129,229.09,618.64,"417,508"
160,Casino Royale,2006,Action,8,144,167.45,616.5,"654,957"
161,The Passion of the Christ,2004,Drama,7.2,127,370.78,612.05,"231,963"
162,Mamma Mia!,2008,Comedy,6.5,108,144.13,611.26,"245,380"
163,Life of Pi,2012,Adventure,7.9,127,124.99,609.02,"627,590"
164,Transformers: The Last Knight,2017,Action,5.2,154,130.17,605.43,"151,757"
165,Madagascar: Escape 2 Africa,2008,Animation,6.6,89,180.01,603.9,"227,701"
166,War of the Worlds,2005,Action,6.5,116,234.28,603.87,"448,458"
167,Tangled,2010,Animation,7.7,100,200.82,592.46,"450,996"
168,Quantum of Solace,2008,Action,6.6,106,168.37,589.58,"448,087"
169,Men in Black,1997,Action,7.3,98,250.69,589.39,"566,157"
170,The Croods,2013,Animation,7.2,98,187.17,587.24,"214,963"
171,The Hangover Part II,2011,Comedy,6.4,102,254.46,586.76,"499,126"
172,Iron Man,2008,Action,7.9,126,318.41,585.8,"1,050,497"
173,I Am Legend,2007,Action,7.2,101,256.39,585.41,"753,604"
174,Ready Player One,2018,Action,7.4,140,137.69,582.92,"432,747"
175,"Monsters, Inc.",2001,Animation,8.1,92,289.92,579.71,"902,358"
176,Hong hai xing dong,2018,Action,6.6,142,1.54,579.33,"7,281"
177,Night at the Museum,2006,Adventure,6.4,108,250.86,574.48,"347,133"
178,Fifty Shades of Grey,2015,Drama,4.1,125,166.17,569.65,"320,016"
179,Kong: Skull Island,2017,Action,6.6,118,168.05,566.65,"318,423"
180,The Smurfs,2011,Animation,5.4,103,142.61,563.75,"90,823"
181,Cars 2,2011,Animation,6.2,106,191.45,559.85,"189,937"
182,King Kong,2005,Action,7.2,187,218.08,556.91,"422,691"
183,Puss in Boots,2011,Animation,6.6,90,149.26,554.99,"159,431"
184,Mei ren yu,2016,Comedy,6.2,94,3.23,553.81,"9,374"
185,Armageddon,1998,Action,6.7,151,201.57,553.71,"425,532"
186,The Day After Tomorrow,2004,Action,6.4,124,186.74,552.64,"447,826"
187,Ted,2012,Comedy,6.9,106,218.82,549.37,"612,897"
188,American Sniper,2014,Action,7.3,133,350.13,547.46,"486,028"
189,Mission: Impossible II,2000,Action,6.1,123,215.41,546.39,"342,535"
190,Tang ren jie tan an 2,2018,Action,6.1,121,1.98,544.19,"2,693"
191,X-Men: Apocalypse,2016,Action,6.9,144,155.44,543.93,"433,669"
192,Sherlock Holmes: A Game of Shadows,2011,Action,7.4,129,186.85,543.85,"453,910"
193,Despicable Me,2010,Animation,7.6,95,251.51,543.16,"545,549"
194,Cinderella,2015,Adventure,6.9,105,201.15,542.36,"177,525"
195,Madagascar,2005,Animation,6.9,86,193.6,542.06,"402,909"
196,World War Z,2013,Action,7,116,202.36,540.46,"662,743"
197,Brave,2012,Animation,7.1,93,237.28,538.98,"410,413"
198,The Empire Strikes Back,1980,Action,8.7,124,290.48,538.38,"1,280,836"
199,The Simpsons Movie,2007,Animation,7.3,87,183.14,536.41,"330,377"
200,The Revenant,2015,Action,8,156,183.64,532.95,"796,927"
201,The Meg,2018,Action,5.6,113,143.01,530.52,"171,428"
202,Ralph Breaks the Internet,2018,Animation,7,112,201.09,529.32,"160,624"
203,Hotel Transylvania 3: Summer Vacation,2018,Animation,6.3,97,167.51,528.58,"74,177"
204,The Boss Baby,2017,Animation,6.3,97,175,527.97,"126,991"
205,Dunkirk,2017,Action,7.8,106,188.37,527.02,"650,998"
206,Godzilla,2014,Action,6.4,123,200.68,524.98,"413,560"
207,How to Train Your Dragon: The Hidden World,2019,Animation,7.4,104,160.8,524.58,"128,488"
208,Sherlock Holmes,2009,Action,7.6,128,209.03,524.03,"631,723"
209,Meet the Fockers,2004,Comedy,6.3,115,279.26,522.66,"271,402"
210,WALL¬∑E,2008,Animation,8.4,98,223.81,521.31,"1,106,841"
211,Kung Fu Panda 3,2016,Animation,7.1,95,143.53,521.17,"158,944"
212,Terminator 2: Judgment Day,1991,Action,8.6,137,204.84,520.88,"1,089,869"
213,Ant-Man,2015,Action,7.3,117,180.2,519.31,"660,728"
214,The Grinch,2018,Animation,6.3,85,270.62,512.86,"70,213"
215,Venom: Let There Be Carnage,2021,Action,5.9,97,213.55,506.86,"220,241"
216,Ghost,1990,Drama,7.1,127,217.63,505.7,"217,251"
217,Aladdin,1992,Animation,8,90,217.35,504.05,"416,811"
218,Rio 2,2014,Animation,6.3,101,131.54,498.78,"90,925"
219,Troy,2004,Drama,7.3,163,133.38,497.41,"533,295"
220,Toy Story 2,1999,Animation,7.9,92,245.85,497.38,"578,177"
221,How to Train Your Dragon,2010,Animation,8.1,98,217.58,494.88,"735,267"
222,Twister,1996,Action,6.4,113,241.72,494.58,"196,834"
223,Oz the Great and Powerful,2013,Adventure,6.3,130,234.91,493.31,"208,389"
224,Clash of the Titans,2010,Action,5.8,106,163.21,493.21,"282,939"
225,Maleficent: Mistress of Evil,2019,Adventure,6.6,119,113.93,491.73,"105,066"
226,War for the Planet of the Apes,2017,Action,7.4,140,146.88,490.72,"256,597"
227,Shrek,2001,Animation,7.9,90,267.67,488.35,"672,459"
228,Mr. & Mrs. Smith,2005,Action,6.5,120,186.34,487.29,"494,933"
229,Angels & Demons,2009,Action,6.7,138,133.38,485.93,"293,394"
230,Teenage Mutant Ninja Turtles,2014,Action,5.8,101,191.2,485,"211,216"
231,Bruce Almighty,2003,Comedy,6.8,101,242.83,484.59,"403,001"
232,Rio,2011,Animation,6.9,96,143.62,483.87,"227,834"
233,Saving Private Ryan,1998,Drama,8.6,169,216.54,482.35,"1,377,916"
234,Rise of the Planet of the Apes,2011,Action,7.6,105,176.76,481.8,"527,898"
235,Home Alone,1990,Comedy,7.7,103,285.76,476.68,"563,004"
236,Hotel Transylvania 2,2015,Animation,6.6,89,169.7,475.19,"127,713"
237,Star Wars: Episode VI - Return of the Jedi,1983,Action,8.3,131,309.13,475.11,"1,045,754"
238,Charlie and the Chocolate Factory,2005,Adventure,6.7,115,206.46,474.97,"478,381"
239,Indiana Jones and the Last Crusade,1989,Action,8.2,127,197.17,474.17,"750,474"
240,Jaws,1975,Adventure,8.1,124,260,474.14,"602,420"
241,San Andreas,2015,Action,6.1,114,155.19,474.01,"237,412"
242,It Chapter Two,2019,Drama,6.5,169,211.59,473.12,"262,024"
243,Wreck-It Ralph,2012,Animation,7.7,101,189.42,471.22,"421,180"
244,Godzilla vs. Kong,2021,Action,6.3,113,100.92,470.07,"206,514"
245,The Hangover,2009,Comedy,7.7,100,277.32,469.33,"781,265"
246,The Lego Movie,2014,Animation,7.7,100,257.76,468.27,"354,346"
247,Bumblebee,2018,Action,6.7,114,127.2,467.99,"164,926"
248,Star Trek Into Darkness,2013,Action,7.7,132,228.78,467.37,"483,380"
249,The Matrix,1999,Action,8.7,136,171.48,467.22,"1,895,339"
250,Gladiator,2000,Action,8.5,155,187.71,465.38,"1,485,912"
251,Pretty Woman,1990,Comedy,7.1,119,178.41,463.41,"324,063"
252,Cars,2006,Animation,7.2,117,244.08,461.99,"419,343"
253,Ba bai,2020,Action,6.7,149,0.37,461.42,"5,832"
254,X-Men: The Last Stand,2006,Action,6.6,104,234.36,460.44,"516,297"
255,National Treasure: Book of Secrets,2007,Action,6.5,124,219.96,459.24,"237,913"
256,Lucy,2014,Action,6.4,89,126.66,458.86,"494,639"
257,Mission: Impossible,1996,Action,7.1,110,180.98,457.7,"425,965"
258,300,2006,Action,7.6,117,210.61,456.08,"816,922"
259,The Last Samurai,2003,Action,7.8,154,111.11,454.63,"440,027"
260,Kimetsu no Yaiba: Mugen Ressha-Hen,2020,Animation,8.2,117,47.7,453.21,"56,907"
261,Wo bu shi yao shen,2018,Comedy,7.8,117,0.01,451.18,"6,479"
262,Ocean's Eleven,2001,Crime,7.7,116,183.42,450.72,"571,258"
263,Wo he wo de zu guo,2019,Drama,6.3,154,2.36,450.06,"1,892"
264,Thor,2011,Action,7,115,181.03,449.33,"844,378"
265,Pearl Harbor,2001,Action,6.2,183,198.54,449.22,"332,611"
266,La La Land,2016,Comedy,8,128,151.1,448.91,"581,482"
267,Tarzan,1999,Animation,7.3,88,171.09,448.19,"226,365"
268,Men in Black II,2002,Action,6.1,88,190.42,445.14,"374,914"
269,The Bourne Ultimatum,2007,Action,8,115,227.47,444.1,"633,900"
270,The Mummy Returns,2001,Action,6.4,130,202.02,443.28,"325,179"
271,Alvin and the Chipmunks: The Squeakquel,2009,Animation,4.5,88,219.61,443.14,"49,552"
272,Les Mis√©rables,2012,Drama,7.5,158,148.81,442.3,"329,707"
273,The Exorcist,1973,Horror,8.1,122,232.91,441.31,"403,949"
274,Mrs. Doubtfire,1993,Comedy,7.1,125,219.2,441.29,"268,073"
275,Terminator Genisys,2015,Action,6.3,126,89.76,440.6,"278,084"
276,Warcraft,2016,Action,6.7,123,47.37,439.05,"263,969"
277,A Star Is Born,2018,Drama,7.6,136,215.29,436.23,"381,604"
278,The Greatest Showman,2017,Biography,7.5,105,174.34,435.73,"280,057"
279,Terminator 3: Rise of the Machines,2003,Action,6.3,109,150.37,433.37,"399,649"
280,Pok√©mon: Detective Pikachu,2019,Action,6.5,104,144.11,433.23,"162,859"
281,Shang-Chi and the Legend of the Ten Rings,2021,Action,7.4,132,224.54,432.24,"374,342"
282,Die Another Day,2002,Action,6.1,133,160.94,431.97,"219,747"
283,The Secret Life of Pets 2,2019,Animation,6.4,86,158.87,430.05,"62,383"
284,Cast Away,2000,Adventure,7.8,143,233.63,429.63,"588,627"
285,Rampage,2018,Action,6.1,107,101.03,428.03,"167,913"
286,The King's Speech,2010,Biography,8,118,138.8,427.37,"679,043"
287,The Matrix Revolutions,2003,Action,6.7,129,139.31,427.34,"511,943"
288,The Intouchables,2011,Biography,8.5,112,13.18,426.59,"849,817"
289,Bad Boys for Life,2020,Action,6.5,124,206.31,426.51,"160,067"
290,Django Unchained,2012,Drama,8.4,165,162.81,426.07,"1,534,855"
291,Beauty and the Beast,1991,Animation,8,84,218.97,424.97,"453,187"
292,Dances with Wolves,1990,Adventure,8,181,184.21,424.21,"265,130"
293,The Chronicles of Narnia: Prince Caspian,2008,Action,6.5,150,141.62,419.67,"210,925"
294,Sex and the City,2008,Comedy,5.7,145,152.65,418.77,"122,626"
295,Zhong guo ji zhang,2019,Action,6.2,111,0.71,417.28,"2,150"
296,The Mummy,1999,Action,7.1,124,155.25,415.93,"428,601"
297,The Chronicles of Narnia: The Voyage of the Dawn Treader,2010,Adventure,6.3,113,104.39,415.69,"154,816"
298,Jason Bourne,2016,Action,6.6,123,162.43,415.48,"227,583"
299,The Wolverine,2013,Action,6.7,126,132.56,414.83,"465,995"
300,Kingsman: The Secret Service,2014,Action,7.7,129,128.26,414.35,"664,004"
301,Night at the Museum: Battle of the Smithsonian,2009,Adventure,6,105,177.24,413.11,"196,802"
302,Batman,1989,Action,7.5,126,251.19,411.57,"376,730"
303,The Bodyguard,1992,Action,6.3,129,121.95,411.05,"134,840"
304,Pacific Rim,2013,Action,6.9,131,101.8,411,"500,987"
305,Kingsman: The Golden Circle,2017,Action,6.7,141,100.23,410.9,"326,293"
306,The Mummy,2017,Action,5.4,111,80.1,409.23,"190,176"
307,Sing 2,2021,Animation,7.4,110,162.79,408.84,"66,528"
308,Ice Age: Collision Course,2016,Animation,5.6,94,64.06,408.75,"67,153"
309,Twilight,2008,Drama,5.3,122,191.47,408.43,"460,735"
310,Signs,2002,Drama,6.8,106,227.97,408.25,"363,169"
311,X2,2003,Action,7.4,134,214.95,407.71,"549,360"
312,Alita: Battle Angel,2019,Action,7.3,122,85.71,404.98,"266,360"
313,The Mummy: Tomb of the Dragon Emperor,2008,Action,5.2,112,102.49,403.45,"161,456"
314,Prometheus,2012,Adventure,7,124,126.48,403.35,"608,177"
315,Gone with the Wind,1939,Drama,8.2,238,198.68,402.38,"314,964"
316,Mamma Mia! Here We Go Again,2018,Comedy,6.6,114,120.63,402.26,"95,422"
317,Eternals,2021,Action,6.3,156,164.87,402.06,"335,050"
318,Dune: Part One,2021,Action,8,155,108.33,401.85,"618,157"
319,Tron,2010,Action,6.8,125,172.06,400.06,"337,056"
320,Mission: Impossible III,2006,Action,6.9,126,134.03,398.48,"356,861"
321,Snow White and the Huntsman,2012,Action,6.1,127,155.33,396.59,"290,046"
322,Grease,1978,Comedy,7.2,110,188.76,396.27,"276,124"
323,Toy Story,1995,Animation,8.3,81,191.8,394.44,"985,902"
324,Solo: A Star Wars Story,2018,Action,6.9,135,213.77,392.92,"344,300"
325,The Wolf of Wall Street,2013,Biography,8.2,180,116.9,392,"1,387,132"
326,Superman Returns,2006,Action,6.1,154,200.08,391.08,"283,488"
327,Robin Hood: Prince of Thieves,1991,Action,6.9,143,165.5,390.49,"194,169"
328,Raiders of the Lost Ark,1981,Action,8.4,115,248.16,389.93,"959,488"
329,Independence Day: Resurgence,2016,Action,5.2,120,103.14,389.68,"179,948"
330,Live Free or Die Hard,2007,Action,7.1,128,134.53,388.16,"406,071"
331,Zhuo yao ji,2015,Adventure,6.1,117,0.02,387.05,"5,315"
332,Godzilla: King of the Monsters,2019,Action,6,132,110.5,386.6,"182,174"
333,Home,2015,Animation,6.6,94,177.4,386.04,"103,018"
334,Star Trek,2009,Action,7.9,127,257.73,385.68,"603,062"
335,1917,2019,Action,8.2,119,159.23,384.92,"577,650"
336,Happy Feet,2006,Animation,6.4,108,198,384.34,"186,413"
337,Cars 3,2017,Animation,6.7,102,152.9,383.93,"100,026"
338,Back to the Future,1985,Adventure,8.5,116,210.61,383.34,"1,190,884"
339,Ice Age,2002,Animation,7.5,81,176.39,383.26,"481,438"
340,Fifty Shades Darker,2017,Drama,4.5,118,114.38,381.55,"103,004"
341,Monsters vs. Aliens,2009,Animation,6.4,94,198.35,381.51,"162,665"
342,Black Widow,2021,Action,6.7,134,183.65,379.75,"371,644"
343,Godzilla,1998,Action,5.4,139,136.31,379.01,"194,147"
344,True Lies,1994,Action,7.3,141,146.28,378.88,"258,633"
345,Slumdog Millionaire,2008,Crime,8,120,141.32,378.41,"842,587"
346,Taken 2,2012,Action,6.2,92,139.85,376.15,"307,350"
347,G.I. Joe: Retaliation,2013,Action,5.7,110,122.52,375.74,"181,977"
348,Mad Max: Fury Road,2015,Action,8.1,120,154.06,375.71,"993,196"
349,Spider-Man: Into the Spider-Verse,2018,Animation,8.4,117,190.24,375.54,"518,339"
350,Shark Tale,2004,Animation,6,90,160.86,374.58,"183,622"
351,Once Upon a Time... in Hollywood,2019,Comedy,7.6,161,142.5,374.57,"723,753"
352,What Women Want,2000,Comedy,6.4,127,182.81,374.11,"208,508"
353,The Adventures of Tintin,2011,Animation,7.3,107,77.59,373.99,"231,379"
354,Batman Begins,2005,Action,8.2,140,206.85,373.67,"1,457,594"
355,Penguins of Madagascar,2014,Animation,6.6,92,83.35,373.52,"91,354"
356,X-Men Origins: Wolverine,2009,Action,6.5,107,179.88,373.06,"504,234"
357,The Golden Compass,2007,Adventure,6.1,113,70.11,372.23,"188,673"
358,Fifty Shades Freed,2018,Drama,4.5,105,100.41,371.99,"66,298"
359,Hitch,2005,Comedy,6.6,118,179.5,371.59,"317,894"
360,Terminator Salvation,2009,Action,6.5,115,125.32,371.35,"362,224"
361,Captain America: The First Avenger,2011,Action,6.9,124,176.65,370.57,"839,422"
362,Edge of Tomorrow,2014,Action,7.9,113,100.21,370.54,"673,554"
363,There's Something About Mary,1998,Comedy,7.1,119,176.48,369.88,"311,720"
364,Gone Girl,2014,Drama,8.1,149,167.77,369.33,"974,122"
365,The Fugitive,1993,Action,7.8,130,183.88,368.88,"294,813"
366,Jurassic Park III,2001,Action,5.9,92,181.17,368.78,"322,559"
367,My Big Fat Greek Wedding,2002,Comedy,6.6,95,241.44,368.74,"132,928"
368,Die Hard: With a Vengeance,1995,Action,7.6,128,100.01,366.1,"387,025"
369,Shazam!,2019,Action,7,132,140.37,366.08,"331,990"
370,The Nun,2018,Horror,5.3,96,117.45,365.58,"140,749"
371,Alvin and the Chipmunks,2007,Animation,5.2,92,217.33,365.35,"86,222"
372,Tenet,2020,Action,7.3,150,58.46,365.29,"494,126"
373,Notting Hill,1999,Comedy,7.2,124,116.09,363.89,"310,305"
374,A Bug's Life,1998,Animation,7.2,95,162.8,363.26,"292,638"
375,Night at the Museum: Secret of the Tomb,2014,Adventure,6.2,98,113.75,363.2,"122,737"
376,Ocean's Twelve,2004,Crime,6.5,125,125.54,362.74,"389,868"
377,Planet of the Apes,2001,Action,5.7,119,180.01,362.21,"220,348"
378,The Hangover Part III,2013,Comedy,5.8,100,112.2,362,"314,965"
379,The World Is Not Enough,1999,Action,6.4,128,126.94,361.83,"201,317"
380,Zhuo yao ji 2,2018,Adventure,5.4,110,0.71,361.68,"1,777"
381,Fast & Furious,2009,Action,6.5,107,155.06,360.37,"287,198"
382,Noah,2014,Action,5.8,138,101.2,359.2,"255,465"
383,The Karate Kid,2010,Action,6.2,140,176.59,359.13,"183,996"
384,Home Alone 2: Lost in New York,1992,Adventure,6.8,120,173.59,358.99,"352,040"
385,Hotel Transylvania,2012,Animation,7,91,148.31,358.38,"255,194"
386,Minority Report,2002,Action,7.7,145,132.07,358.37,"549,888"
387,Kimi no na wa.,2016,Animation,8.4,106,5.02,358.18,"264,127"
388,Top Gun,1986,Action,6.9,110,179.8,357.29,"430,656"
389,The Legend of Tarzan,2016,Action,6.2,110,126.64,356.7,"177,341"
390,American Beauty,1999,Drama,8.4,122,130.1,356.3,"1,148,186"
391,Sen to Chihiro no kamikakushi,2001,Animation,8.6,125,10.06,355.73,"753,968"
392,Apollo 13,1995,Adventure,7.7,140,173.84,355.24,"294,911"
393,Rain Man,1988,Drama,8,133,178.8,354.83,"512,762"
394,The Great Gatsby,2013,Drama,7.2,143,144.84,353.66,"541,556"
395,Dumbo,2019,Adventure,6.3,112,114.77,353.28,"76,096"
396,"I, Robot",2004,Action,7.1,115,144.8,353.13,"538,880"
397,Basic Instinct,1992,Drama,7,127,117.73,352.93,"200,383"
398,Murder on the Orient Express,2017,Crime,6.5,114,102.83,352.79,"256,936"
399,X: First Class,2011,Action,7.7,131,146.41,352.62,"690,853"
400,Angry Birds,2016,Animation,6.3,97,107.51,352.33,"93,189"
401,GoldenEye,1995,Action,7.2,130,106.6,352.19,"257,479"
402,Catch Me If You Can,2002,Biography,8.1,141,164.62,352.11,"969,691"
403,Now You See Me,2013,Crime,7.2,115,117.72,351.72,"656,647"
404,Hannibal,2001,Crime,6.8,131,165.09,351.69,"275,159"
405,The Mask,1994,Action,6.9,101,119.94,351.58,"384,946"
406,Peter Rabbit,2018,Adventure,6.6,95,115.25,351.5,"43,258"
407,Speed,1994,Action,7.3,116,121.25,350.45,"363,407"
408,Dinosaur,2000,Animation,6.4,82,137.75,349.82,"61,274"
409,Mary Poppins Returns,2018,Animation,6.7,130,171.96,349.55,"88,275"
410,Deep Impact,1998,Action,6.2,120,140.46,349.46,"179,125"
411,The Lorax,2012,Animation,6.4,86,214.03,349.18,"113,547"
412,The Maze Runner,2014,Action,6.8,113,102.43,348.32,"465,068"
413,The Smurfs 2,2013,Animation,5.3,105,71.02,347.55,"42,457"
414,National Treasure,2004,Action,6.9,131,173.01,347.51,"332,482"
415,Rush Hour 2,2001,Action,6.6,90,226.16,347.33,"220,002"
416,Trolls,2016,Animation,6.4,92,153.71,347.18,"82,121"
417,xXx: Return of Xander Cage,2017,Action,5.2,107,44.9,346.12,"92,468"
418,Pocahontas,1995,Animation,6.7,81,141.6,346.08,"187,513"
419,How the Grinch Stole Christmas,2000,Comedy,6.2,104,260.04,345.82,"245,026"
420,Star Trek Beyond,2016,Action,7,122,158.85,343.47,"246,473"
421,Alvin and the Chipmunks: Chipwrecked,2011,Animation,4.3,87,133.11,342.7,"35,773"
422,Wanted,2008,Action,6.7,110,134.51,342.46,"389,301"
423,The Flintstones,1994,Comedy,4.9,91,130.51,341.63,"81,670"
424,A Quiet Place,2018,Drama,7.5,90,188.02,340.95,"522,995"
425,Enchanted,2007,Animation,7.1,107,127.81,340.49,"199,265"
426,Over the Hedge,2006,Animation,6.7,83,155.02,339.8,"175,604"
427,300: Rise of an Empire,2014,Action,6.2,102,106.58,337.58,"301,454"
428,Batman Forever,1995,Action,5.4,121,184.03,336.57,"253,427"
429,Prince of Persia: The Sands of Time,2010,Action,6.6,116,90.76,336.37,"290,140"
430,The Curious Case of Benjamin Button,2008,Drama,7.8,166,127.51,335.8,"647,546"
431,Journey 2: The Mysterious Island,2012,Action,5.7,94,103.86,335.29,"104,779"
432,The Rock,1996,Action,7.4,136,134.07,335.06,"338,124"
433,The Great Wall,2016,Action,5.9,103,45.54,334.93,"136,347"
434,Now You See Me 2,2016,Action,6.4,129,65.08,334.9,"288,770"
435,Fantastic Four,2005,Action,5.7,106,154.7,333.54,"330,331"
436,Indiana Jones and the Temple of Doom,1984,Action,7.5,118,179.87,333.11,"486,281"
437,Tomorrow Never Dies,1997,Action,6.5,119,125.33,333.01,"195,105"
438,Back to the Future Part II,1989,Adventure,7.8,108,118.5,332.5,"529,620"
439,The Good Dinosaur,2015,Animation,6.7,93,123.09,332.21,"116,115"
440,Free Guy,2021,Action,7.1,115,121.63,331.53,"362,859"
441,22 Jump Street,2014,Action,7,112,191.72,331.33,"376,664"
442,Meet the Parents,2000,Comedy,7,108,166.24,330.44,"335,066"
443,Who Framed Roger Rabbit,1988,Animation,7.7,104,156.45,329.8,"201,427"
444,Black Swan,2010,Drama,8,108,106.95,329.4,"761,933"
445,The Perfect Storm,2000,Action,6.4,130,182.62,328.72,"168,607"
446,Crocodile Dundee,1986,Action,6.6,97,174.64,328.2,"105,852"
447,Se7en,1995,Crime,8.6,127,100.13,327.33,"1,632,302"
448,John Wick: Chapter 3 - Parabellum,2019,Action,7.4,130,171.02,327.28,"339,342"
449,The Devil Wears Prada,2006,Comedy,6.9,109,124.74,326.71,"418,066"
450,Taken 3,2014,Action,6,108,89.26,326.48,"193,097"
451,The Hunchback of Notre Dame,1996,Animation,7,91,100.14,325.34,"157,987"
452,A Christmas Carol,2009,Animation,6.8,96,137.86,325.29,"115,451"
453,The SpongeBob Movie: Sponge Out of Water,2015,Animation,6,92,162.99,325.19,"55,845"
454,Schindler's List,1993,Biography,9,195,96.9,322.16,"1,343,317"
455,Megamind,2010,Animation,7.3,95,148.42,321.89,"260,991"
456,The Conjuring 2,2016,Horror,7.3,134,102.47,321.83,"269,246"
457,Green Book,2018,Biography,8.2,130,85.08,321.75,"483,838"
458,Lethal Weapon 3,1992,Action,6.7,118,144.73,321.73,"168,977"
459,Robin Hood,2010,Action,6.6,140,105.27,321.67,"269,547"
460,Inglourious Basterds,2009,Adventure,8.3,153,120.54,321.46,"1,431,553"
461,101 Dalmatians,1996,Adventure,5.7,103,136.19,320.69,"111,625"
462,The Conjuring,2013,Horror,7.5,112,137.4,320.41,"504,495"
463,Fatal Attraction,1987,Drama,6.9,119,156.65,320.15,"87,159"
464,Sonic the Hedgehog,2020,Action,6.5,99,148.97,319.72,"138,657"
465,The Last Airbender,2010,Action,4,103,131.56,319.71,"164,006"
466,The Proposal,2009,Comedy,6.7,108,163.96,317.38,"327,779"
467,A Beautiful Mind,2001,Biography,8.2,135,170.74,316.79,"927,229"
468,Beverly Hills Cop,1984,Action,7.3,105,234.76,316.36,"184,195"
469,The Polar Express,2004,Animation,6.6,100,183.37,315.25,"206,563"
470,Air Force One,1997,Action,6.5,124,172.96,315.16,"196,674"
471,The Expendables 2,2012,Action,6.6,103,85.02,314.98,"307,649"
472,Chicken Little,2005,Animation,5.7,81,135.39,314.43,"93,304"
473,As Good as It Gets,1997,Comedy,7.7,139,148.48,314.18,"298,604"
474,Maze Runner: The Scorch Trials,2015,Action,6.3,131,81.7,312.3,"250,276"
475,Resident Evil: The Final Chapter,2016,Action,5.5,107,26.83,312.24,"94,579"
476,The Lego Batman Movie,2017,Animation,7.3,104,175.75,312.14,"151,600"
477,Austin Powers: The Spy Who Shagged Me,1999,Action,6.6,95,206.04,312.02,"234,000"
478,Knives Out,2019,Comedy,7.9,130,165.36,311.61,"615,567"
479,Ocean's Thirteen,2007,Crime,6.9,122,117.15,311.31,"346,822"
480,Little Fockers,2010,Comedy,5.5,98,148.38,310.65,"113,255"
481,Bolt,2008,Animation,6.8,96,114.05,309.98,"211,167"
482,Ransom,1996,Action,6.7,121,136.49,309.49,"128,875"
483,Runaway Bride,1999,Comedy,5.6,116,152.26,309.46,"99,145"
484,The Blind Side,2009,Biography,7.6,129,255.96,309.23,"331,405"
485,Qian ren 3: Zai jian qian ren,2017,Comedy,5.6,120,0.84,307.59,503
486,The Fault in Our Stars,2014,Drama,7.7,126,124.87,307.17,"376,156"
487,The Pursuit of Happyness,2006,Biography,8,117,163.57,307.13,"508,647"
488,Rise of the Guardians,2012,Animation,7.2,97,103.41,306.94,"175,301"
489,Close Encounters of the Third Kind,1977,Drama,7.6,138,132.09,306.89,"202,076"
490,Chicago,2002,Comedy,7.2,113,170.69,306.78,"230,581"
491,Annabelle: Creation,2017,Horror,6.5,109,102.09,306.52,"134,439"
492,Wonder,2017,Drama,7.9,113,132.42,306.21,"164,180"
493,Skyscraper,2018,Action,5.8,102,68.42,304.87,"122,609"
494,A Good Day to Die Hard,2013,Action,5.2,98,67.35,304.65,"207,598"
495,Mulan,1998,Animation,7.6,88,120.62,304.32,"287,151"
496,Dangal,2016,Action,8.3,161,12.39,303.72,"190,074"
497,Passengers,2016,Drama,7,116,100.01,303.14,"403,041"
498,Battleship,2012,Action,5.8,131,65.42,303.03,"248,603"
499,Liar Liar,1997,Comedy,6.9,86,181.41,302.71,"308,906"
500,G.I. Joe: The Rise of Cobra,2009,Action,5.7,118,152.27,302.47,"209,106"
501,Wrath of the Titans,2012,Action,5.7,99,83.67,301.97,"189,683"
502,4: Rise of the Silver Surfer,2007,Action,5.6,92,131.92,301.91,"266,221"
503,Hook,1991,Adventure,6.8,142,119.65,300.85,"254,358"
504,Superman,1978,Action,7.4,143,134.22,300.48,"175,192"
505,Rocky IV,1985,Drama,6.8,91,127.87,300.47,"205,435"
506,Rambo: First Blood Part II,1985,Action,6.5,96,150.42,300.4,"169,431"
507,Resident Evil: Afterlife,2010,Action,5.8,96,60.13,300.23,"172,283"
508,Van Helsing,2004,Action,6,131,120.18,300.16,"266,768"
509,Stuart Little,1999,Adventure,6,84,140.04,300.14,"135,978"
510,Beverly Hills Cop II,1987,Action,6.5,100,153.67,299.97,"120,332"
511,Alice Through the Looking Glass,2016,Adventure,6.2,113,77.04,299.82,"109,186"
512,My Best Friend's Wedding,1997,Comedy,6.3,105,127.12,299.29,"143,189"
513,Real Steel,2011,Action,7,127,85.47,299.27,"328,702"
514,Horton Hears a Who!,2008,Animation,6.8,86,154.53,298.57,"141,085"
515,Ocean's Eight,2018,Action,6.3,110,140.22,297.8,"218,534"
516,A Quiet Place Part II,2020,Drama,7.2,97,160.07,297.37,"223,480"
517,Insurgent,2015,Action,6.2,119,130.18,297,"238,065"
518,Look Who's Talking,1989,Comedy,5.9,93,140.09,297,"82,968"
519,Austin Powers in Goldmember,2002,Action,6.2,94,213.31,296.94,"210,682"
520,Ghostbusters,1984,Action,7.8,105,238.63,296.58,"412,928"
521,Miss Peregrine's Home for Peculiar Children,2016,Adventure,6.7,127,87.24,296.48,"172,848"
522,X-Men,2000,Action,7.3,104,157.3,296.34,"614,160"
523,Ferdinand,2017,Animation,6.7,108,84.41,296.07,"57,639"
524,Shutter Island,2010,Mystery,8.2,138,128.01,294.81,"1,296,006"
525,Doctor Dolittle,1998,Comedy,5.4,85,144.16,294.46,"97,557"
526,Bee Movie,2007,Animation,6.1,91,126.63,293.51,"162,611"
527,Salt,2010,Action,6.4,100,118.31,293.5,"314,928"
528,G-Force,2009,Animation,5.1,88,119.44,292.82,"46,938"
529,The Departed,2006,Crime,8.5,151,132.38,291.48,"1,313,456"
530,What Lies Beneath,2000,Drama,6.6,130,155.46,291.42,"127,055"
531,Pacific Rim: Uprising,2018,Action,5.6,111,59.87,290.93,"117,714"
532,The Bourne Supremacy,2004,Action,7.7,108,176.24,290.84,"463,217"
533,Sex and the City 2,2010,Comedy,4.5,146,95.35,290.75,"80,235"
534,Shakespeare in Love,1998,Comedy,7.1,123,100.32,289.32,"225,403"
535,Divergent,2014,Action,6.6,139,150.95,288.89,"459,513"
536,Coming to America,1988,Comedy,7.1,117,128.15,288.75,"208,012"
537,Wedding Crashers,2005,Comedy,7,119,209.22,288.49,"355,945"
538,Bridesmaids,2011,Comedy,6.8,125,169.11,288.38,"292,230"
539,Maze Runner: The Death Cure,2018,Action,6.2,143,58.03,288.18,"139,779"
540,Casper,1995,Comedy,6.1,100,100.33,287.93,"134,656"
541,American Pie 2,2001,Comedy,6.4,108,145.1,287.55,"256,365"
542,Pitch Perfect 2,2015,Comedy,6.4,115,184.3,287.14,"157,663"
543,The Green Mile,1999,Crime,8.6,189,136.8,286.8,"1,287,659"
544,Oblivion,2013,Action,7,124,89.02,286.17,"523,275"
545,Elysium,2013,Action,6.6,109,93.05,286.14,"447,585"
546,Lethal Weapon 4,1998,Action,6.6,127,130.44,285.44,"163,828"
547,John Carter,2012,Action,6.6,132,73.08,284.14,"273,135"
548,Turbo,2013,Animation,6.4,96,83.03,282.57,"98,006"
549,Paddington,2014,Adventure,7.3,95,76.27,282.38,"116,693"
550,Bridget Jones's Diary,2001,Comedy,6.7,97,71.54,282,"244,375"
551,The Tourist,2010,Action,6,103,67.63,278.78,"243,761"
552,Split,X2016,Horror,7.3,117,138.29,278.45,"492,904"
553,Scary Movie,2000,Comedy,6.2,88,157.02,278.02,"261,175"
554,xXx,2002,Action,5.8,124,142.11,277.45,"180,412"
555,The Bourne Legacy,2012,Action,6.6,135,113.2,276.14,"302,627"
556,Mr. Peabody & Sherman,2014,Animation,6.8,92,111.51,275.7,"70,857"
557,Scooby-Doo,2002,Adventure,5.2,89,153.29,275.68,"113,526"
558,Lincoln,2012,Biography,7.3,150,182.21,275.29,"260,834"
559,Lara Croft: Tomb Raider,2001,Action,5.7,100,131.14,274.7,"209,775"
560,Tomb Raider,2018,Action,6.3,119,58.25,274.65,"214,377"
561,The Expendables,2010,Action,6.4,103,103.07,274.47,"345,745"
562,Cloudy with a Chance of Meatballs 2,2013,Animation,6.3,95,119.79,274.33,"103,707"
563,The Nutty Professor,1996,Comedy,5.7,95,128.81,273.96,"117,590"
564,Jerry Maguire,1996,Comedy,7.3,139,153.95,273.55,"266,680"
565,Bad Boys II,2003,Action,6.6,147,138.61,273.34,"251,049"
566,Lilo & Stitch,2002,Animation,7.3,85,145.79,273.14,"190,832"
567,The Silence of the Lambs,1991,Crime,8.6,118,130.74,272.74,"1,417,393"
568,Grown Ups,2010,Comedy,5.9,102,162,271.46,"252,573"
569,Neighbors,2014,Comedy,6.3,97,150.16,270.67,"310,752"
570,The Firm,1993,Drama,6.8,154,158.35,270.25,"135,417"
571,We're the Millers,2013,Comedy,7,110,150.39,269.99,"448,471"
572,Gran Torino,2008,Drama,8.1,116,148.1,269.96,"772,591"
573,"10,000 BC",2008,Action,5.1,109,94.78,269.78,"131,624"
574,American Gangster,2007,Biography,7.8,157,130.16,269.76,"425,928"
575,Epic,2013,Animation,6.6,102,107.52,268.43,"105,754"
576,Exodus: Gods and Kings,2014,Action,6,150,65.01,268.18,"169,312"
577,Bambi,1942,Animation,7.3,69,102.8,267.45,"143,403"
578,The Princess and the Frog,2009,Animation,7.1,97,104.4,267.05,"145,087"
579,Batman Returns,1992,Action,7.1,126,162.83,266.92,"304,870"
580,Indecent Proposal,1993,Drama,6,117,106.61,266.61,"71,950"
581,Something's Gotta Give,2003,Comedy,6.7,128,124.73,265.33,"122,541"
582,Bridget Jones: The Edge of Reason,2004,Comedy,6,108,40.23,265.13,"114,485"
583,The Incredible Hulk,2008,Action,6.6,112,134.52,264.77,"490,726"
584,Waterworld,1995,Action,6.2,135,88.25,264.22,"196,867"
585,The Truman Show,1998,Comedy,8.2,103,125.62,264.12,"1,067,682"
586,Charlie's Angels,2000,Action,5.6,98,125.31,264.11,"187,745"
587,The Fifth Element,1997,Action,7.6,126,63.54,263.92,"472,447"
588,Gisaengchung,2019,Drama,8.5,132,53.37,263.19,"783,071"
589,Jumanji,1995,Adventure,7,104,100.48,262.82,"344,655"
590,Borat: Cultural Learnings of America for Make Benefit Glorious Nation of Kazakhstan,2006,Comedy,7.3,84,128.51,262.55,"408,397"
591,Robots,2005,Animation,6.4,91,128.2,262.51,"147,947"
592,Knight and Day,2010,Action,6.3,109,76.42,261.99,"196,876"
593,Total Recall,1990,Action,7.5,113,119.39,261.32,"330,462"
594,This Is It,2009,Documentary,7.2,111,72.09,261.18,"40,625"
595,Terminator: Dark Fate,2019,Action,6.2,128,62.25,261.12,"177,281"
596,The Lone Ranger,2013,Action,6.4,150,89.3,260.5,"235,219"
597,Super 8,2011,Action,7,112,127,260.1,"354,633"
598,Xun long jue,2015,Action,5.9,127,1.24,259.37,"3,992"
599,Blade Runner 2049,2017,Action,8,164,92.05,259.35,"563,289"
600,Charlie's Angels: Full Throttle,2003,Action,4.9,106,100.83,259.18,"128,314"
601,Rush Hour 3,2007,Action,6.2,91,140.13,258.1,"168,713"
602,The Full Monty,1997,Comedy,7.2,91,45.95,257.94,"106,869"
603,Gong fu yu jia,2017,Action,5.1,107,0.36,257.75,"10,441"
604,Annabelle,2014,Horror,5.4,99,84.27,257.59,"159,474"
605,Encanto,2021,Animation,7.2,102,96.09,256.72,"215,996"
606,The Village,2004,Drama,6.6,108,114.2,256.7,"261,770"
607,Gang jiong,2015,Action,5.4,114,1.3,256.28,"1,708"
608,Erin Brockovich,2000,Biography,7.4,131,125.6,256.27,"198,063"
609,Get Out,2017,Horror,7.7,104,176.04,255.75,"598,580"
610,Marley & Me,2008,Comedy,7,111,143.15,255.74,"158,913"
611,Halloween,2018,Crime,6.5,106,159.34,255.61,"151,270"
612,Us,2019,Horror,6.8,116,175.08,255.23,"294,642"
613,Cliffhanger,1993,Action,6.5,113,84.05,255,"130,555"
614,Baahubali 2: The Conclusion,2017,Action,8.2,167,20.19,254.16,"100,479"
615,Babe,1995,Comedy,6.9,91,66.6,254.13,"125,993"
616,Men in Black: International,2019,Action,5.6,114,80,253.89,"134,497"
617,Wild Hogs,2007,Action,5.8,100,168.27,253.63,"119,295"
618,High School Musical 3: Senior Year,2008,Comedy,4.9,112,90.56,252.91,"63,173"
619,Hercules,1997,Animation,7.3,93,99.05,252.71,"231,152"
620,Dark Phoenix,2019,Action,5.7,113,65.85,252.44,"186,645"
621,True Grit,2010,Drama,7.6,110,171.24,252.28,"338,844"
622,Dolittle,2020,Adventure,5.6,101,77.05,251.41,"64,710"
623,Bean,1997,Adventure,6.5,89,45.32,251.21,"105,606"
624,American Hustle,2013,Crime,7.2,138,150.12,251.17,"478,163"
625,Enemy of the State,1998,Action,7.3,132,111.55,250.85,"244,745"
626,You've Got Mail,1998,Comedy,6.7,119,115.82,250.82,"214,320"
627,Eragon,2006,Action,5.1,104,75.03,250.43,"126,892"
628,Brother Bear,2003,Animation,6.8,85,85.34,250.4,"111,233"
629,The Godfather,1972,Crime,9.2,175,134.97,250.34,"1,837,508"
630,The Mask of Zorro,1998,Action,6.8,136,94.1,250.29,"184,739"
631,The Ring,2002,Horror,7.1,115,129.13,249.35,"349,196"
632,The Blair Witch Project,1999,Horror,6.5,81,140.54,248.64,"260,578"
633,Unbreakable,2000,Drama,7.3,106,95.01,248.12,"417,360"
634,Journey to the West: Demon Chapter,2017,Adventure,5.4,109,0.88,247.59,"3,223"
635,Dumb and Dumber,1994,Comedy,7.3,107,127.18,247.29,"384,683"
636,Glass,2019,Drama,6.6,129,111.05,247,"242,398"
637,Grown Ups 2,2013,Comedy,5.3,101,133.67,246.98,"155,190"
638,The Peanuts Movie,2015,Animation,7,88,130.18,246.23,"46,367"
639,Rango,2011,Animation,7.2,107,123.48,245.72,"265,169"
640,Four Weddings and a Funeral,1994,Comedy,7.1,117,52.7,245.7,"153,235"
641,Face/Off,1997,Action,7.3,138,112.23,245.68,"377,112"
642,Teenage Mutant Ninja Turtles: Out of the Shadows,2016,Action,5.9,112,82.05,245.62,"93,519"
643,Dark Shadows,2012,Comedy,6.2,113,79.73,245.53,"267,793"
644,Hulk,2003,Action,5.6,138,132.18,245.29,"268,427"
645,Love Actually,2003,Comedy,7.6,135,59.7,245.2,"479,093"
646,Lie huo ying xiong,2019,Action,5.7,118,0.29,245.18,996
647,Bienvenue chez les Ch'tis,2008,Comedy,7.1,106,1.48,245.14,"42,377"
648,Back to the Future Part III,1990,Adventure,7.4,118,87.73,245.08,"444,848"
649,Pixels,2015,Action,5.6,105,78.75,244.87,"145,080"
650,Hercules,2014,Action,6,98,72.69,244.82,"156,568"
651,Rush Hour,1998,Action,7,98,141.15,244.72,"268,029"
652,Journey to the Center of the Earth,2008,Action,5.8,93,101.7,244.23,"123,377"
653,After Earth,2013,Action,4.8,100,60.52,243.61,"201,604"
654,A Few Good Men,1992,Drama,7.7,138,141.34,243.24,"264,137"
655,Cloudy with a Chance of Meatballs,2009,Animation,6.9,90,124.87,243.01,"232,801"
656,8 Mile,2002,Drama,7.2,110,116.72,242.88,"288,870"
657,Daddy's Home,2015,Comedy,6.1,96,150.36,242.79,"120,075"
658,RoboCop,2014,Action,6.2,117,58.61,242.69,"228,750"
659,Eraser,1996,Action,6.2,115,101.3,242.3,"112,248"
660,Alien: Covenant,2017,Horror,6.4,122,74.26,240.89,"281,193"
661,Sully,2016,Biography,7.4,96,125.07,240.8,"271,982"
662,Assassin's Creed,2016,Action,5.6,115,54.65,240.7,"199,443"
663,Click,2006,Comedy,6.4,107,137.36,240.69,"331,476"
664,Jiang Ziya,2020,Animation,6.5,110,0.21,240.66,"1,870"
665,Resident Evil: Retribution,2012,Action,5.3,95,42.35,240.16,"143,230"
666,Die Hard 2,1990,Action,7.1,124,117.54,240.03,"361,348"
667,Crocodile Dundee II,1988,Action,5.7,108,109.31,239.61,"57,738"
668,Planes,2013,Animation,5.7,91,90.29,239.26,"45,618"
669,Crazy Rich Asians,2018,Comedy,6.9,120,174.53,238.84,"172,141"
670,Batman & Robin,1997,Action,3.7,125,107.33,238.24,"253,905"
671,Gulliver's Travels,2010,Adventure,4.9,85,42.78,237.38,"70,008"
672,Gone in Sixty Seconds,2000,Action,6.5,118,101.65,237.2,"279,039"
673,Saturday Night Fever,1977,Drama,6.8,118,94.21,237.11,"80,515"
674,Silver Linings Playbook,2012,Comedy,7.7,122,132.09,236.41,"707,140"
675,2 Fast 2 Furious,2003,Action,5.9,107,127.15,236.35,"274,150"
676,Hauru no ugoku shiro,2004,Animation,8.2,119,4.71,236.32,"391,972"
677,Hidden Figures,2016,Biography,7.8,127,169.61,235.96,"228,994"
678,A.I. Artificial Intelligence,2001,Drama,7.2,146,78.62,235.93,"307,919"
679,Dead Poets Society,1989,Comedy,8.1,128,95.86,235.86,"486,476"
680,Spy,2015,Action,7,120,110.83,235.67,"245,477"
681,American Pie,1999,Comedy,7,95,102.56,235.48,"406,463"
682,American Reunion,2012,Comedy,6.7,113,57.01,234.99,"214,905"
683,Big Daddy,1999,Comedy,6.4,93,163.48,234.8,"217,887"
684,Alvin and the Chipmunks: The Road Chip,2015,Animation,4.9,92,85.89,234.8,"19,973"
685,The Imitation Game,2014,Biography,8,114,91.13,233.56,"764,115"
686,Cruella,2021,Adventure,7.3,134,86.1,233.5,"231,138"
687,The Day the Earth Stood Still,2008,Adventure,5.5,104,79.37,233.09,"171,254"
688,American Wedding,2003,Comedy,6.3,96,104.57,232.72,"206,883"
689,The Girl with the Dragon Tattoo,2011,Crime,7.8,158,102.52,232.62,"462,302"
690,Juno,2007,Comedy,7.5,96,143.5,232.37,"521,898"
691,Argo,2012,Biography,7.7,120,136.03,232.33,"613,402"
692,Mr. Bean's Holiday,2007,Comedy,6.4,90,33.3,232.23,"126,641"
693,The English Patient,1996,Drama,7.4,162,78.65,231.98,"190,524"
694,Sister Act,1992,Comedy,6.5,100,139.61,231.61,"99,469"
695,Annabelle Comes Home,2019,Horror,5.9,106,74.15,231.25,"75,656"
696,Constantine,2005,Action,7,121,75.98,230.88,"345,895"
697,Get Smart,2008,Action,6.5,110,130.32,230.69,"218,695"
698,Space Jam,1996,Animation,6.5,88,90.46,230.59,"197,989"
699,La vita √® bella,1997,Comedy,8.6,116,57.6,230.1,"689,557"
700,The Heat,2013,Action,6.6,117,159.58,229.93,"172,940"
701,Ghostbusters,2016,Action,6.9,117,128.34,229.15,"231,550"
702,Ghost Rider,2007,Action,5.2,110,115.8,228.74,"239,770"
703,Xia Luo te fan nao,2015,Comedy,6.7,104,1.29,228.12,"2,976"
704,Paddington 2,2017,Adventure,7.8,103,40.44,227.99,"78,529"
705,Sleepless in Seattle,1993,Comedy,6.8,105,126.53,227.93,"176,528"
706,Lethal Weapon 2,1989,Action,7.2,114,147.25,227.85,"176,663"
707,The Green Hornet,2011,Action,5.8,119,98.78,227.82,"160,903"
708,Out of Africa,1985,Biography,7.1,161,87.1,227.51,"80,266"
709,Fang hua,2017,Drama,7,135,1.89,227.09,"3,159"
710,Baby Driver,2017,Action,7.6,113,107.83,226.95,"531,492"
711,Immortals,2011,Action,6,110,83.5,226.9,"169,079"
712,Taken,2008,Action,7.8,90,145,226.84,"601,606"
713,Percy Jackson & the Olympians: The Lightning Thief,2010,Adventure,5.8,118,88.76,226.5,"189,434"
714,Hansel & Gretel: Witch Hunters,2013,Action,6.1,88,55.7,226.35,"207,038"
715,Valerian and the City of a Thousand Planets,2017,Action,6.4,136,41.19,225.97,"181,635"
716,Good Will Hunting,1997,Drama,8.3,126,138.43,225.93,"958,499"
717,Ford v Ferrari,2019,Action,8.1,152,117.62,225.51,"386,696"
718,Jumper,2008,Action,6.1,88,80.17,225.13,"307,280"
719,Elf,2003,Adventure,7,97,173.4,225.1,"265,528"
720,The Social Network,2010,Biography,7.8,120,96.96,224.92,"698,176"
721,Chicken Run,2000,Animation,7.1,84,106.83,224.87,"192,451"
722,Con Air,1997,Action,6.9,115,101.12,224.01,"299,733"
723,Interview with the Vampire: The Vampire Chronicles,1994,Drama,7.5,123,105.26,223.66,"322,719"
724,Flightplan,2005,Drama,6.3,98,89.71,223.39,"163,219"
725,Yes Man,2008,Comedy,6.8,104,97.69,223.24,"362,007"
726,Non-Stop,2014,Action,6.9,106,92.17,222.81,"264,924"
727,"Honey, I Shrunk the Kids",1989,Adventure,6.4,93,130.72,222.72,"155,254"
728,Fahrenheit 9/11,2004,Documentary,7.5,122,119.19,222.45,"129,811"
729,Wild Wild West,1999,Action,4.9,106,113.81,222.1,"161,503"
730,Wo he wo de fu bei,2021,Drama,6.1,157,0.18,221.83,396
731,Geostorm,2017,Action,5.3,109,33.7,221.6,"108,381"
732,Presumed Innocent,1990,Mystery,6.9,127,86.3,221.3,"42,551"
733,Jungle Cruise,2021,Action,6.6,127,116.99,220.89,"186,684"
734,Scary Movie 3,2003,Comedy,5.5,84,110,220.67,"148,137"
735,Collateral,2004,Action,7.5,120,101.01,220.24,"403,122"
736,Inferno,2016,Action,6.2,121,34.34,220.02,"176,211"
737,Knocked Up,2007,Comedy,6.9,129,148.73,219.92,"370,021"
738,Green Lantern,2011,Action,5.5,114,116.6,219.85,"285,243"
739,What Happens in Vegas,2008,Comedy,6.1,99,80.28,219.38,"177,583"
740,It's Complicated,2009,Comedy,6.5,121,112.74,219.1,"93,187"
741,The Terminal,2004,Comedy,7.4,128,77.87,219.1,"457,518"
742,Captain Phillips,2013,Action,7.8,134,107.1,218.79,"458,764"
743,The Prince of Egypt,1998,Animation,7.1,99,101.22,218.61,"132,633"
744,Jack Reacher,2012,Action,7,130,80.07,218.34,"341,527"
745,Kingdom of Heaven,2005,Action,7.2,144,47.4,218.12,"288,615"
746,The Emoji Movie,2017,Animation,3.3,86,86.09,217.78,"64,680"
747,Dracula Untold,2014,Action,6.2,92,56.28,217.12,"195,378"
748,Central Intelligence,2016,Action,6.3,107,127.44,216.97,"190,383"
749,Million Dollar Baby,2004,Drama,8.1,132,100.49,216.76,"684,956"
750,The Help,2011,Drama,8.1,146,169.71,216.64,"457,691"
751,Twins,1988,Comedy,6.1,107,111.94,216.61,"125,275"
752,Little Women,2019,Drama,7.8,135,108.1,216.6,"201,976"
753,Valentine's Day,2010,Comedy,5.7,125,110.49,216.53,"120,271"
754,Bad Teacher,2011,Comedy,5.6,92,100.29,216.2,"203,732"
755,The Croods: A New Age,2020,Animation,6.9,95,58.57,215.91,"43,280"
756,Clear and Present Danger,1994,Action,6.9,141,122.19,215.89,"100,222"
757,One Hundred and One Dalmatians,1961,Animation,7.3,79,144.88,215.88,"168,257"
758,Ted 2,2015,Comedy,6.3,115,81.48,215.86,"209,744"
759,Dracula,1992,Drama,7.4,128,82.52,215.86,"217,157"
760,Vertical Limit,2000,Action,5.9,124,69.24,215.66,"62,163"
761,Ghostbusters II,1989,Action,6.6,108,112.49,215.39,"207,469"
762,The Patriot,2000,Action,7.2,165,113.33,215.29,"275,099"
763,The Sorcerer's Apprentice,2010,Action,6.1,109,63.15,215.28,"162,670"
764,Just Go with It,2011,Comedy,6.4,117,103.03,214.95,"244,880"
765,The Expendables 3,2014,Action,6.1,126,39.32,214.66,"182,933"
766,Dirty Dancing,1987,Drama,7,100,0.62,214.58,"231,933"
767,Creed II,2018,Drama,7.1,130,115.72,214.22,"124,925"
768,Smallfoot,2018,Animation,6.6,96,83.24,214.12,"39,768"
769,Public Enemies,2009,Action,7,140,97.1,214.1,"303,464"
770,The Bourne Identity,2002,Action,7.9,119,121.66,214.03,"545,806"
771,Disclosure,1994,Drama,6.1,128,83.02,214.02,"50,693"
772,Pulp Fiction,1994,Crime,8.9,154,107.93,213.93,"2,029,060"
773,The Aviator,2004,Biography,7.5,170,102.61,213.72,"361,079"
774,Wo hu cang long,2000,Action,7.9,120,128.08,213.53,"269,385"
775,Braveheart,1995,Biography,8.4,178,75.6,213.22,"1,032,016"
776,Into the Woods,2014,Adventure,5.9,125,128,212.9,"141,663"
777,Bedtime Stories,2008,Adventure,6,99,110.1,212.87,"95,677"
778,Miss Congeniality,2000,Action,6.3,109,106.81,212.74,"210,746"
779,Entrapment,1999,Action,6.3,113,87.7,212.4,"116,636"
780,Ace Ventura: When Nature Calls,1995,Adventure,6.4,90,108.39,212.39,"218,023"
781,End of Days,1999,Action,5.8,122,66.89,211.99,"111,239"
782,Bridget Jones's Baby,2016,Comedy,6.5,123,24.25,211.95,"76,123"
783,Fury,2014,Action,7.5,134,85.82,211.82,"486,715"
784,Battle: Los Angeles,2011,Action,5.7,116,83.55,211.82,"180,761"
785,Australia,2008,Adventure,6.6,165,49.55,211.79,"125,206"
786,Due Date,2010,Comedy,6.5,95,100.54,211.78,"343,897"
787,Master and Commander: The Far Side of the World,2003,Action,7.4,138,93.93,211.62,"221,838"
788,A Series of Unfortunate Events,2004,Adventure,6.8,108,118.63,211.47,"209,564"
789,The Little Mermaid,1989,Animation,7.6,83,111.54,211.34,"262,826"
790,District 9,2009,Action,7.9,112,115.65,210.89,"679,692"
791,Moonraker,1979,Action,6.2,126,70.31,210.31,"101,670"
792,The Others,2001,Horror,7.6,101,96.52,209.95,"366,446"
793,Horrible Bosses,2011,Comedy,6.9,98,117.54,209.84,"448,740"
794,Red Dragon,2002,Crime,7.2,124,93.15,209.2,"273,714"
795,Tomorrowland,2015,Action,6.4,130,93.44,209.04,"182,944"
796,Me Before You,2016,Drama,7.4,106,56.25,208.31,"251,829"
797,Safe House,2012,Action,6.7,115,126.37,208.08,"223,518"
798,S.W.A.T.,2003,Action,6,117,116.93,207.73,"148,050"
799,The Fast and the Furious,2001,Action,6.8,106,144.53,207.52,"384,844"
800,Traffic,2000,Crime,7.6,147,124.12,207.52,"207,817"
801,Paranormal Activity 3,2011,Horror,5.8,83,104.01,207.04,"95,454"
802,Philadelphia,1993,Drama,7.7,125,77.32,206.68,"242,042"
803,The Conjuring: The Devil Made Me Do It,2021,Horror,6.3,112,65.63,206.4,"113,608"
804,Sleepy Hollow,1999,Fantasy,7.3,105,101.07,206.07,"359,468"
805,The Holiday,2006,Comedy,6.9,136,63.22,205.85,"284,868"
806,Nou fo,2021,Action,6.6,126,0.39,205.85,"4,700"
807,The Jungle Book,1967,Animation,7.6,78,141.84,205.84,"183,055"
808,London Has Fallen,2016,Action,5.9,99,62.68,205.75,"158,975"
809,The Break-Up,2006,Comedy,5.8,106,118.7,205.67,"133,142"
810,Xi you: Xiang mo pian,2013,Action,6.7,110,0.02,205.64,"12,944"
811,The Ugly Truth,2009,Comedy,6.4,96,88.92,205.6,"219,572"
812,JFK,1991,Drama,8,189,70.41,205.41,"156,390"
813,White House Down,2013,Action,6.3,131,73.1,205.37,"222,455"
814,Birds of Prey and the Fantabulous Emancipation of One Harley Quinn,2020,Action,6,109,84.16,205.32,"236,909"
815,A Dog's Purpose,2017,Adventure,7.2,100,64.51,205.04,"72,732"
816,Gake no ue no Ponyo,2008,Animation,7.6,101,15.09,204.83,"143,771"
817,Fun with Dick and Jane,2005,Comedy,6.1,90,110.33,204.68,"146,198"
818,Eat Pray Love,2010,Biography,5.8,133,80.57,204.59,"97,766"
819,Ghostbusters: Afterlife,2021,Adventure,7.1,124,129.36,204.33,"177,688"
820,You Don't Mess with the Zohan,2008,Action,5.6,113,100.02,204.31,"202,753"
821,The Addams Family,2019,Animation,5.8,86,100.04,203.79,"39,322"
822,Hairspray,2007,Comedy,6.7,117,118.87,203.63,"130,999"
823,King Arthur,2004,Action,6.3,126,51.88,203.57,"168,657"
824,Yogi Bear,2010,Animation,4.6,81,100.25,203.51,"22,175"
825,Everest,2015,Action,7.1,121,43.48,203.43,"217,969"
826,Vanilla Sky,2001,Fantasy,6.9,136,100.61,203.39,"267,296"
827,Arrival,2016,Drama,7.9,116,100.55,203.39,"687,333"
828,Need for Speed,2014,Action,6.4,132,43.58,203.28,"171,494"
829,Garfield,2004,Animation,5,80,75.37,203.17,"87,145"
830,Patch Adams,1998,Biography,6.8,115,135.03,202.29,"114,075"
831,Teenage Mutant Ninja Turtles,1990,Action,6.7,93,135.27,202.08,"94,675"
832,Kindergarten Cop,1990,Action,6.2,111,91.46,201.96,"150,256"
833,Straight Outta Compton,2015,Biography,7.8,147,161.2,201.63,"201,932"
834,21 Jump Street,2012,Action,7.2,109,138.45,201.59,"556,062"
835,Valkyrie,2008,Drama,7.1,121,83.08,201.55,"245,027"
836,Open Season,2006,Animation,6.1,86,85.11,200.81,"96,896"
837,Cats & Dogs,2001,Action,5.1,87,93.39,200.69,"59,863"
838,The Hunt for Red October,1990,Action,7.5,135,122.01,200.51,"200,285"
839,Percy Jackson: Sea of Monsters,2013,Adventure,5.7,106,68.56,199.85,"118,717"
840,Two Weeks Notice,2002,Comedy,6.1,101,93.35,199.04,"119,039"
841,RED,2010,Action,7,111,90.38,199.01,"309,159"
842,City of Angels,1998,Drama,6.7,114,78.69,198.69,"121,219"
843,The Pacifier,2005,Action,5.6,95,113.09,198.64,"95,001"
844,50 First Dates,2004,Comedy,6.8,99,120.91,198.52,"355,191"
845,Total Recall,2012,Action,6.2,118,58.88,198.47,"254,967"
846,Yi chu hao xi,2018,Comedy,6.2,134,0.67,198.33,"1,751"
847,Lo imposible,2012,Adventure,7.5,114,19.02,198.09,"223,973"
848,Ren zai jiong tu: Tai jiong,2012,Adventure,6.2,105,0.06,197.76,"3,533"
849,Christopher Robin,2018,Adventure,7.2,104,99.22,197.74,"78,143"
850,Jack the Giant Slayer,2013,Action,6.3,114,65.19,197.69,"139,422"
851,Smurfs: The Lost Village,2017,Animation,5.9,90,45.02,197.18,"21,802"
852,Spy Kids 3: Game Over,2003,Action,4.3,84,111.76,197.1,"60,852"
853,Panic Room,2002,Crime,6.8,112,96.4,197.08,"280,108"
854,The Other Woman,2014,Comedy,6,109,83.91,196.71,"141,573"
855,Stargate,1994,Action,7,116,71.57,196.57,"191,090"
856,Beowulf,2007,Animation,6.3,115,82.16,196.39,"168,626"
857,The Vow,2012,Drama,6.8,104,125.01,196.11,"194,851"
858,Anger Management,2003,Comedy,6.2,106,135.65,195.75,"216,400"
859,Tropic Thunder,2008,Action,7,107,110.52,195.7,"414,914"
860,The Shape of Water,2017,Drama,7.3,123,63.86,195.33,"417,542"
861,Rocketman,2019,Biography,7.3,121,96.37,195.32,"174,642"
862,The Pelican Brief,1993,Crime,6.6,141,100.77,195.27,"88,065"
863,The BFG,2016,Adventure,6.3,117,55.48,195.24,"86,377"
864,The Intern,2015,Comedy,7.1,121,75.76,194.56,"251,894"
865,The Curse of the Were-Rabbit,2005,Animation,7.5,85,56.11,194.14,"136,257"
866,Gnomeo & Juliet,2011,Animation,5.9,84,99.97,193.97,"56,278"
867,The Sum of All Fears,2002,Action,6.4,124,118.91,193.92,"116,714"
868,Tenki no ko,2019,Animation,7.5,112,7.8,193.84,"40,645"
869,Gangs of New York,2002,Crime,7.5,167,77.81,193.77,"440,994"
870,Xi you ji zhi: Sun Wukong san da Baigu Jing,2016,Action,5.9,119,0.71,193.68,"3,229"
871,Paranormal Activity,2007,Horror,6.3,86,107.92,193.36,"240,026"
872,The Lego Movie 2: The Second Part,2019,Animation,6.6,107,105.81,192.46,"66,840"
873,The Equalizer,2014,Action,7.2,132,101.53,192.33,"370,174"
874,Downton Abbey,2019,Drama,7.4,122,96.85,192.2,"56,300"
875,The Addams Family,1991,Comedy,6.9,99,113.5,191.5,"155,569"
876,The Longest Yard,2005,Comedy,6.4,113,158.12,191.47,"179,890"
877,The Santa Clause,1994,Comedy,6.5,97,144.83,190.54,"115,965"
878,Cheaper by the Dozen,2003,Comedy,5.9,98,138.61,190.54,"102,741"
879,The Equalizer 2,2018,Action,6.7,121,102.08,190.4,"159,456"
880,Hollow Man,2000,Action,5.8,112,73.21,190.21,"131,978"
881,Outbreak,1995,Action,6.6,127,67.82,189.86,"130,266"
882,So duk 2: Tin dei duei kuet,2019,Action,6,99,0.61,189.4,"1,312"
883,The X Files,1998,Drama,7,121,83.9,189.18,"106,169"
884,Xin hua lu fang,2014,Comedy,6.4,116,0.77,189.02,"1,664"
885,Rambo III,1988,Action,5.8,102,53.72,189.02,"131,800"
886,The Secret Life of Walter Mitty,2013,Adventure,7.3,114,58.24,188.13,"317,252"
887,Jaws 2,1978,Adventure,5.8,116,102.92,187.88,"78,895"
888,12 Years a Slave,2013,Biography,8.1,134,56.67,187.73,"697,506"
889,Heat,1995,Action,8.3,170,67.44,187.44,"650,648"
890,Mr. Popper's Penguins,2011,Comedy,6,94,68.22,187.36,"97,778"
891,The Grudge,2004,Horror,5.9,91,110.36,187.28,"145,321"
892,I Now Pronounce You Chuck & Larry,2007,Comedy,5.9,115,120.06,187.13,"148,092"
893,The Horse Whisperer,1998,Drama,6.7,169,75.38,186.88,"41,578"
894,Walk the Line,2005,Biography,7.8,136,119.52,186.8,"251,365"
895,The Jungle Book 2,2003,Animation,5.3,72,47.89,186.3,"16,595"
896,The Final Destination,2009,Horror,5.1,82,66.48,186.17,"106,590"
897,Atlantis: The Lost Empire,2001,Animation,6.9,95,84.05,186.05,"120,319"
898,Inside Man,2006,Crime,7.6,129,88.51,186,"372,552"
899,The Waterboy,1998,Comedy,6.1,90,161.49,185.99,"164,784"
900,Hugo,2011,Adventure,7.5,126,73.86,185.77,"323,110"
901,Pitch Perfect 3,2017,Comedy,5.8,93,104.9,185.4,"64,635"
902,Watchmen,2009,Action,7.6,162,107.51,185.38,"550,223"
903,The Birdcage,1996,Comedy,7.2,117,124.06,185.26,"90,410"
904,Moulin Rouge!,2001,Drama,7.6,127,57.39,184.94,"285,299"
905,Snow White and the Seven Dwarfs,1937,Animation,7.6,83,184.93,184.93,"199,508"
906,Hop,2011,Animation,5.4,95,108.09,184.37,"34,659"
907,Bad Moms,2016,Comedy,6.2,100,113.26,183.94,"125,657"
908,Jupiter Ascending,2015,Action,5.3,127,47.39,183.89,"188,877"
909,Knowing,2009,Action,6.2,121,79.96,183.66,"235,104"
910,102 Dalmatians,2000,Adventure,4.8,100,66.96,183.61,"37,736"
911,Storks,2016,Animation,6.8,87,72.68,183.51,"62,604"
912,Paul Blart: Mall Cop,2009,Action,5.2,91,20.82,183.35,"110,992"
913,Wayne's World,1992,Comedy,7,94,121.7,183.1,"157,683"
914,Maverick,1994,Action,7,127,101.63,183.03,"112,377"
915,Mirror Mirror,2012,Adventure,5.6,106,64.94,183.02,"88,106"
916,The Man in the Iron Mask,1998,Action,6.5,132,56.97,182.97,"168,134"
917,Cape Fear,1991,Crime,7.3,128,79.1,182.29,"195,086"
918,The Haunted Mansion,2003,Comedy,5.1,99,75.85,182.29,"49,475"
919,Xi you ji: Da nao tian gong,2014,Action,4.9,119,0.71,182.21,"5,111"
920,While You Were Sleeping,1995,Comedy,6.7,103,81.06,182.06,"103,474"
921,The Bridges of Madison County,1995,Drama,7.6,135,71.52,182.02,"82,009"
922,Poseidon,2006,Action,5.7,98,60.67,181.67,"105,442"
923,The First Wives Club,1996,Comedy,6.4,103,105.49,181.49,"49,703"
924,Xuan ya zhi shang,2021,Crime,6.6,120,0.15,181.33,"2,250"
925,Scooby-Doo 2: Monsters Unleashed,2004,Adventure,5.1,93,84.22,181.24,"57,979"
926,Hot Shots!,1991,Action,6.7,84,69.47,181.1,"108,955"
927,Road to Perdition,2002,Crime,7.7,117,104.45,181,"268,139"
928,Kill Bill: Vol. 1,2003,Action,8.2,111,70.1,180.91,"1,106,348"
929,Abominable,2019,Animation,7,97,60.72,180.73,"38,652"
930,The Scorpion King,2002,Action,5.5,92,91.05,180.63,"139,017"
931,Sweet Home Alabama,2002,Comedy,6.2,108,127.22,180.62,"114,304"
932,Daddy's Home 2,2017,Comedy,6,100,104.03,180.61,"73,585"
933,Hacksaw Ridge,2016,Biography,8.1,139,67.21,180.56,"519,526"
934,Deja Vu,2006,Action,7.1,126,64.04,180.56,"311,544"
935,The Post,2017,Biography,7.2,116,81.9,180.42,"151,213"
936,Dangerous Minds,1995,Biography,6.5,99,84.92,179.52,"53,396"
937,The Dictator,2012,Comedy,6.4,83,59.65,179.38,"306,587"
938,The League of Extraordinary Gentlemen,2003,Action,5.8,110,66.47,179.27,"176,615"
939,Allegiant,2016,Action,5.7,120,66.18,179.25,"122,686"
940,Daredevil,2003,Action,5.3,103,102.54,179.18,"220,544"
941,City Slickers,1991,Comedy,6.8,113,124.03,179.03,"57,660"
942,He's Just Not That Into You,2009,Comedy,6.4,129,93.95,178.87,"173,744"
943,Eagle Eye,2008,Action,6.6,118,101.11,178.77,"187,619"
944,Along Came Polly,2004,Comedy,6,90,88.1,178.31,"136,227"
945,Flushed Away,2006,Animation,6.6,85,64.67,178.28,"126,561"
946,Scary Movie 4,2006,Comedy,5.1,83,90.71,178.26,"121,998"
947,Dante's Peak,1997,Action,6,108,67.13,178.13,"91,310"
948,Brokeback Mountain,2005,Drama,7.7,134,83.04,178.06,"356,481"
949,Patriot Games,1992,Action,6.8,117,83.29,178.05,"112,761"
950,Flubber,1997,Comedy,5.3,93,92.98,177.98,"90,045"
951,Baywatch,2017,Action,5.5,116,58.06,177.86,"186,464"
952,Double Jeopardy,1999,Crime,6.5,105,116.74,177.84,"87,441"
953,War Horse,2011,Action,7.2,146,79.88,177.58,"157,803"
954,Paranormal Activity 2,2010,Horror,5.7,91,84.75,177.51,"104,677"
955,How to Lose a Guy in 10 Days,2003,Comedy,6.4,116,105.81,177.5,"238,604"
956,AVP: Alien vs. Predator,2004,Action,5.6,101,80.28,177.43,"201,179"
957,Ying xiong,2002,Action,7.9,120,53.71,177.4,"181,634"
958,The 40 Year Old Virgin,2005,Comedy,7.1,116,109.45,177.38,"436,221"
959,The Butler,2013,Biography,7.2,132,116.63,177.31,"115,446"
960,The Haunting,1999,Fantasy,5,113,91.41,177.31,"76,733"
961,The Descendants,2011,Comedy,7.3,115,82.58,177.24,"242,388"
962,The A-Team,2010,Action,6.7,117,77.22,177.24,"259,316"
963,Tootsie,1982,Comedy,7.4,116,177.2,177.2,"107,311"
964,In the Line of Fire,1993,Action,7.2,128,102.31,177,"104,598"
965,Analyze This,1999,Comedy,6.7,103,106.89,176.89,"154,726"
966,The Hitman's Bodyguard,2017,Action,6.9,118,75.47,176.6,"230,821"
